;F, MHz;Eeq_max_ref, dBuV/m;AF;M0;MA_vert;MA_hor;Eeq_hor;Eeq_vert;Eeq max;delta;-6 dB;6 dB
0;0,15;61,14;14,7;120,688;43,758;;;57,77000000000001;57,77000000000001;-3,3699999999999903;-6;6
1;0,35;61,14;15,25;120,672;43,285;;;57,863;57,863;-3,277000000000001;-6;6
2;0,55;61,14;15,25;120,651;43,288;;;57,887000000000015;57,887000000000015;-3,252999999999986;-6;6
3;0,75;61,14;15,8;120,637;43,109;;;58,272000000000006;58,272000000000006;-2,867999999999995;-6;6
4;0,95;61,14;16,05;120,624;43,054;;;58,480000000000004;58,480000000000004;-2,6599999999999966;-6;6
5;1,15;61,14;16,05;120,602;43,062;;;58,510000000000005;58,510000000000005;-2,6299999999999955;-6;6
6;1,35;61,14;16,05;120,58;43,05;;;58,52000000000001;58,52000000000001;-2,6199999999999903;-6;6
7;1,55;61,14;16,05;120,552;42,944;;;58,44200000000001;58,44200000000001;-2,6979999999999933;-6;6
8;1,75;61,13;16,05;120,535;42,981;;;58,495999999999995;58,495999999999995;-2,6340000000000074;-6;6
9;1,95;61,13;16,05;120,513;42,89;;;58,42699999999998;58,42699999999998;-2,7030000000000243;-6;6
10;2,15;61,13;16,05;120,5;42,879;;;58,42899999999999;58,42899999999999;-2,7010000000000147;-6;6
11;2,35;61,13;16,05;120,47;42,785;;;58,364999999999995;58,364999999999995;-2,7650000000000077;-6;6
12;2,55;61,12;16,05;120,455;42,834;;;58,429;58,429;-2,6909999999999954;-6;6
13;2,75;61,12;16,05;120,436;42,752;;;58,366;58,366;-2,753999999999998;-6;6
14;2,95;61,12;16,05;120,423;42,751;;;58,378;58,378;-2,7419999999999973;-6;6
15;3,15;61,11;16,45;120,407;42,71;;;58,753000000000014;58,753000000000014;-2,356999999999985;-6;6
16;3,35;61,11;16,45;120,387;42,646;;;58,70900000000002;58,70900000000002;-2,400999999999982;-6;6
17;3,55;61,11;16,45;120,377;42,535;;;58,608000000000004;58,608000000000004;-2,5019999999999953;-6;6
18;3,75;61,1;16,45;120,359;42,515;;;58,605999999999995;58,605999999999995;-2,494000000000007;-6;6
19;3,95;61,1;16,45;120,352;42,431;;;58,52899999999998;58,52899999999998;-2,5710000000000193;-6;6
20;4,15;61,09;16,45;120,329;42,433;;;58,554;58,554;-2,5360000000000014;-6;6
21;4,35;61,09;16,45;120,306;42,359;;;58,503000000000014;58,503000000000014;-2,586999999999989;-6;6
22;4,55;61,08;16,45;120,286;42,38;;;58,544;58,544;-2,5360000000000014;-6;6
23;4,75;61,08;16,45;120,277;42,219;;;58,391999999999996;58,391999999999996;-2,6880000000000024;-6;6
24;4,95;61,07;16,45;120,258;42,681;;;58,87299999999999;58,87299999999999;-2,19700000000001;-6;6
25;5,15;61,07;16,45;120,249;42,843;;;59,044000000000025;59,044000000000025;-2,025999999999975;-6;6
26;5,35;61,06;16,45;120,229;42,303;;;58,524;58,524;-2,5360000000000014;-6;6
27;5,55;61,05;16,45;120,213;43,046;;;59,283;59,283;-1,766999999999996;-6;6
28;5,75;61,05;16,45;120,206;43,038;;;59,28200000000001;59,28200000000001;-1,7679999999999865;-6;6
29;5,95;61,04;16,45;120,2;43,183;;;59,43299999999999;59,43299999999999;-1,6070000000000064;-6;6
30;6,15;61,03;17,0;120,191;43,507;;;60,316;60,316;-0,7139999999999986;-6;6
31;6,35;61,02;17,0;120,177;44,142;;;60,96499999999999;60,96499999999999;-0,05500000000001393;-6;6
32;6,55;61,02;17,0;120,176;44,688;;;61,511999999999986;61,511999999999986;0,4919999999999831;-6;6
33;6,75;61,01;17,0;120,173;45,268;;;62,095;62,095;1,0850000000000009;-6;6
34;6,95;61,0;17,0;120,176;45,612;;;62,43599999999999;62,43599999999999;1,4359999999999928;-6;6
35;7,15;60,99;17,0;120,176;45,491;;;62,31499999999998;62,31499999999998;1,3249999999999815;-6;6
36;7,35;60,98;17,0;120,174;44,592;;;61,41799999999998;61,41799999999998;0,43799999999998107;-6;6
37;7,55;60,98;17,0;120,172;43,63;;;60,458;60,458;-0,5219999999999985;-6;6
38;7,75;60,97;17,0;120,16;42,563;;;59,40299999999999;59,40299999999999;-1,5670000000000073;-6;6
39;7,95;60,96;17,0;120,158;42,013;;;58,855000000000004;58,855000000000004;-2,104999999999997;-6;6
40;8,15;60,95;17,0;120,154;41,625;;;58,471000000000004;58,471000000000004;-2,478999999999999;-6;6
41;8,35;60,94;17,0;120,154;41,801;;;58,64699999999999;58,64699999999999;-2,2930000000000064;-6;6
42;8,55;60,93;17,0;120,14;42,488;;;59,348;59,348;-1,5820000000000007;-6;6
43;8,75;60,92;17,0;120,134;44,949;;;61,81500000000001;61,81500000000001;0,8950000000000102;-6;6
44;8,95;60,91;17,0;120,12;48,755;;;65,63499999999999;65,63499999999999;4,724999999999994;-6;6
45;9,15;60,9;17,85;120,112;46,621;;;64,35900000000001;64,35900000000001;3,4590000000000103;-6;6
46;9,35;60,89;17,85;120,111;39,699;;;57,43800000000001;57,43800000000001;-3,451999999999991;-6;6
47;9,55;60,88;17,85;120,102;34,044;;;51,79199999999998;51,79199999999998;-9,088000000000022;-6;6
48;9,75;60,86;17,85;120,092;28,524;;;46,282000000000004;46,282000000000004;-14,577999999999996;-6;6
49;9,95;60,85;17,85;120,076;23,873;;;41,647;41,647;-19,203000000000003;-6;6
50;10,15;60,84;17,85;120,096;28,684;;;46,437999999999995;46,437999999999995;-14,402000000000008;-6;6
51;10,35;60,83;17,85;120,091;31,758;;;49,51700000000002;49,51700000000002;-11,312999999999981;-6;6
52;10,55;60,82;17,85;120,091;36,13;;;53,889;53,889;-6,930999999999997;-6;6
53;10,75;60,81;17,85;120,086;38,855;;;56,61899999999999;56,61899999999999;-4,19100000000001;-6;6
54;10,95;60,79;17,85;120,078;41,911;;;59,683;59,683;-1,1069999999999993;-6;6
55;11,15;60,78;17,85;120,076;47,287;;;65,061;65,061;4,281000000000006;-6;6
56;11,35;60,77;17,85;120,069;50,039;;;67,82;67,82;7,04999999999999;-6;6
57;11,55;60,76;17,85;120,064;46,635;;;64,42099999999999;64,42099999999999;3,6609999999999943;-6;6
58;11,75;60,74;17,85;120,055;41,478;;;59,273;59,273;-1,4669999999999987;-6;6
59;11,95;60,73;17,85;120,04;38,728;;;56,538000000000004;56,538000000000004;-4,191999999999993;-6;6
60;12,15;60,72;17,85;120,025;36,29;;;54,11499999999999;54,11499999999999;-6,605000000000011;-6;6
61;12,35;60,7;17,85;120,011;35,475;;;53,314;53,314;-7,386000000000003;-6;6
62;12,55;60,69;17,85;119,993;34,58;;;52,43699999999999;52,43699999999999;-8,253000000000007;-6;6
63;12,75;60,67;17,85;119,971;35,042;;;52,921;52,921;-7,749000000000002;-6;6
64;12,95;60,66;17,85;119,969;35,384;;;53,26500000000002;53,26500000000002;-7,394999999999975;-6;6
65;13,15;60,65;17,85;119,96;34,648;;;52,538000000000004;52,538000000000004;-8,111999999999995;-6;6
66;13,35;60,63;17,85;119,958;36,255;;;54,147;54,147;-6,483000000000004;-6;6
67;13,55;60,62;17,85;119,958;35,779;;;53,671;53,671;-6,948999999999998;-6;6
68;13,75;60,6;17,85;119,958;37,335;;;55,22700000000001;55,22700000000001;-5,3729999999999905;-6;6
69;13,95;60,59;17,85;119,973;36,935;;;54,812000000000005;54,812000000000005;-5,777999999999999;-6;6
70;14,15;60,57;17,85;119,957;38,046;;;55,939;55,939;-4,631;-6;6
71;14,35;60,56;17,85;119,958;37,814;;;55,705999999999996;55,705999999999996;-4,854000000000006;-6;6
72;14,55;60,54;17,85;119,939;38,561;;;56,472000000000016;56,472000000000016;-4,067999999999984;-6;6
73;14,75;60,52;17,85;119,941;38,779;;;56,687999999999995;56,687999999999995;-3,832000000000008;-6;6
74;14,95;60,51;17,85;119,937;37,953;;;55,86600000000001;55,86600000000001;-4,643999999999991;-6;6
75;15,15;60,49;19,9;119,938;39,347;;;59,309000000000005;59,309000000000005;-1,1809999999999974;-6;6
76;15,35;60,48;19,9;119,935;39,078;;;59,043;59,043;-1,4369999999999976;-6;6
77;15,55;60,46;19,9;119,93;40,023;;;59,99299999999999;59,99299999999999;-0,46700000000001296;-6;6
78;15,75;60,44;19,9;119,927;39,728;;;59,701;59,701;-0,7389999999999972;-6;6
79;15,95;60,43;19,9;119,917;40,486;;;60,46899999999999;60,46899999999999;0,03899999999998727;-6;6
80;16,15;60,41;19,9;119,912;40,663;;;60,651;60,651;0,24100000000000676;-6;6
81;16,35;60,39;19,9;119,898;41,356;;;61,358;61,358;0,9679999999999964;-6;6
82;16,55;60,38;19,9;119,887;41,621;;;61,63400000000001;61,63400000000001;1,2540000000000049;-6;6
83;16,75;60,36;19,9;119,896;41,969;;;61,97299999999999;61,97299999999999;1,6129999999999924;-6;6
84;16,95;60,34;19,9;119,887;42,594;;;62,60699999999999;62,60699999999999;2,266999999999989;-6;6
85;17,15;60,33;19,9;119,879;42,843;;;62,86400000000001;62,86400000000001;2,534000000000013;-6;6
86;17,35;60,31;19,9;119,872;43,433;;;63,46099999999999;63,46099999999999;3,150999999999989;-6;6
87;17,55;60,29;19,9;119,858;43,703;;;63,745;63,745;3,4549999999999983;-6;6
88;17,75;60,28;19,9;119,848;44,115;;;64,167;64,167;3,8870000000000005;-6;6
89;17,95;60,26;19,9;119,829;44,402;;;64,47299999999998;64,47299999999998;4,212999999999987;-6;6
90;18,15;60,24;19,9;119,832;44,839;;;64,90700000000001;64,90700000000001;4,667000000000009;-6;6
91;18,35;60,22;19,9;119,834;45,108;;;65,174;65,174;4,954000000000008;-6;6
92;18,55;60,21;19,9;119,843;45,394;;;65,451;65,451;5,2409999999999926;-6;6
93;18,75;60,19;19,9;119,838;45,691;;;65,75300000000001;65,75300000000001;5,563000000000017;-6;6
94;18,95;60,17;19,9;119,828;45,862;;;65,934;65,934;5,763999999999996;-6;6
95;19,15;60,15;19,9;119,824;45,986;;;66,06199999999998;66,06199999999998;5,911999999999985;-6;6
96;19,35;60,14;19,9;119,81;45,911;;;66,001;66,001;5,861000000000004;-6;6
97;19,55;60,12;19,9;119,812;45,925;;;66,013;66,013;5,893000000000008;-6;6
98;19,75;60,1;19,9;119,789;45,968;;;66,07900000000001;66,07900000000001;5,979000000000006;-6;6
99;19,95;60,08;19,9;119,777;45,904;;;66,02699999999999;66,02699999999999;5,9469999999999885;-6;6
100;20,15;60,07;22,55;119,766;45,801;;;68,58499999999998;68,58499999999998;8,51499999999998;-6;6
101;20,35;60,05;22,55;119,749;45,748;;;68,54899999999999;68,54899999999999;8,498999999999995;-6;6
102;20,55;60,03;22,55;119,732;45,726;;;68,544;68,544;8,513999999999996;-6;6
103;20,75;60,02;22,55;119,716;45,967;;;68,80099999999999;68,80099999999999;8,780999999999985;-6;6
104;20,95;60,0;22,55;119,633;46,412;;;69,32900000000001;69,32900000000001;9,329000000000008;-6;6
105;21,15;59,98;22,55;119,62;46,723;;;69,653;69,653;9,673000000000009;-6;6
106;21,35;59,96;22,55;119,612;46,922;;;69,86;69,86;9,899999999999999;-6;6
107;21,55;59,95;22,55;119,601;46,872;;;69,82100000000001;69,82100000000001;9,87100000000001;-6;6
108;21,75;59,93;22,55;119,605;46,827;;;69,77199999999999;69,77199999999999;9,841999999999992;-6;6
109;21,95;59,91;22,55;119,586;47,062;;;70,02600000000001;70,02600000000001;10,116000000000014;-6;6
110;22,15;59,9;22,55;119,568;47,063;;;70,04499999999999;70,04499999999999;10,144999999999989;-6;6
111;22,35;59,88;22,55;119,555;46,92;;;69,915;69,915;10,035000000000004;-6;6
112;22,55;59,87;22,55;119,543;47,073;;;70,08;70,08;10,21;-6;6
113;22,75;59,85;22,55;119,53;47,02;;;70,04;70,04;10,190000000000005;-6;6
114;22,95;59,83;22,55;119,543;46,89;;;69,89699999999998;69,89699999999998;10,066999999999979;-6;6
115;23,15;59,82;22,55;119,538;47,1;;;70,112;70,112;10,291999999999994;-6;6
116;23,35;59,8;22,55;119,52;47,261;;;70,291;70,291;10,491;-6;6
117;23,55;59,79;22,55;119,359;47,238;;;70,429;70,429;10,639000000000003;-6;6
118;23,75;59,77;22,55;119,356;47,458;;;70,652;70,652;10,881999999999998;-6;6
119;23,95;59,76;22,55;119,354;47,656;;;70,852;70,852;11,092000000000006;-6;6
120;24,15;59,74;22,55;119,356;47,789;;;70,98299999999999;70,98299999999999;11,242999999999988;-6;6
121;24,35;59,73;22,55;119,352;47,893;;;71,091;71,091;11,360999999999997;-6;6
122;24,55;59,72;22,55;119,351;47,877;;;71,07600000000001;71,07600000000001;11,356000000000009;-6;6
123;24,75;59,7;22,55;119,352;47,722;;;70,92;70,92;11,219999999999999;-6;6
124;24,95;59,69;22,55;119,353;48,151;;;71,34800000000001;71,34800000000001;11,658000000000015;-6;6
125;25,15;59,68;22,55;119,351;48,162;;;71,361;71,361;11,681000000000004;-6;6
126;25,35;59,67;22,55;119,347;48,207;;;71,41;71,41;11,739999999999995;-6;6
127;25,55;59,66;22,55;119,333;48,423;;;71,64;71,64;11,980000000000004;-6;6
128;25,75;59,65;22,55;119,336;48,635;;;71,84899999999999;71,84899999999999;12,198999999999991;-6;6
129;25,95;59,63;22,55;119,327;48,772;;;71,99499999999999;71,99499999999999;12,364999999999988;-6;6
130;26,15;59,62;22,55;119,318;48,868;;;72,1;72,1;12,479999999999997;-6;6
131;26,35;59,62;22,55;119,307;48,948;;;72,191;72,191;12,571000000000005;-6;6
132;26,55;59,61;22,55;119,297;49,036;;;72,289;72,289;12,679000000000002;-6;6
133;26,75;59,6;22,55;119,27;49,171;;;72,451;72,451;12,850999999999992;-6;6
134;26,95;59,59;22,55;119,262;49,213;;;72,50099999999999;72,50099999999999;12,910999999999987;-6;6
135;27,15;59,58;22,55;119,25;49,187;;;72,48700000000001;72,48700000000001;12,90700000000001;-6;6
136;27,35;59,58;22,55;119,24;49,242;;;72,55199999999999;72,55199999999999;12,971999999999994;-6;6
137;27,55;59,57;22,55;119,239;49,165;;;72,47599999999998;72,47599999999998;12,905999999999985;-6;6
138;27,75;59,56;22,55;119,233;49,118;;;72,43499999999999;72,43499999999999;12,874999999999986;-6;6
139;27,95;59,56;22,55;119,23;49,218;;;72,53800000000001;72,53800000000001;12,978000000000009;-6;6
140;28,15;59,56;22,55;119,231;49,315;;;72,634;72,634;13,073999999999998;-6;6
141;28,35;59,55;22,55;119,226;49,205;;;72,52899999999998;72,52899999999998;12,978999999999985;-6;6
142;28,55;59,55;22,55;119,23;49,527;;;72,84699999999998;72,84699999999998;13,296999999999983;-6;6
143;28,75;59,55;22,55;119,229;49,699;;;73,02000000000001;73,02000000000001;13,470000000000013;-6;6
144;28,95;59,55;22,55;119,229;49,621;;;72,94200000000001;72,94200000000001;13,39200000000001;-6;6
145;29,15;59,55;22,55;119,22;49,979;;;73,30899999999998;73,30899999999998;13,758999999999986;-6;6
146;29,35;59,55;22,55;119,226;50,217;;;73,54099999999998;73,54099999999998;13,990999999999985;-6;6
147;29,55;59,55;22,55;119,219;50,288;;;73,61900000000001;73,61900000000001;14,069000000000017;-6;6
148;29,75;59,55;22,55;119,216;50,693;;;74,02699999999999;74,02699999999999;14,47699999999999;-6;6
149;29,95;59,55;22,55;117,773;49,405;;;74,182;74,182;14,632000000000005;-6;6
150;30,0;71,24;13,43;119,219;55,004;53,511;67,72200000000001;69,215;69,215;-2,0249999999999915;-6;6
151;31,0;71,39;13,41;119,196;52,997;50,924;65,138;67,21100000000001;67,21100000000001;-4,178999999999988;-6;6
152;32,0;71,51;13,41;119,134;51,696;49,49;63,766000000000005;65,972;65,972;-5,538000000000011;-6;6
153;33,0;71,62;13,41;119,18;52,666;50,998;65,22799999999998;66,89599999999999;66,89599999999999;-4,724000000000018;-6;6
154;34,0;71,71;13,41;119,138;54,488;54,27;68,542;68,75999999999999;68,75999999999999;-2,950000000000003;-6;6
155;35,0;71,81;13,4;119,083;52,46;52,547;66,864;66,77700000000002;66,864;-4,945999999999998;-6;6
156;36,0;71,92;14,04;119,06;49,688;49,535;64,51499999999999;64,66799999999998;64,66799999999998;-7,252000000000024;-6;6
157;37,0;72,09;14,04;119,088;48,965;49,144;64,096;63,91700000000001;64,096;-7,994;-6;6
158;38,0;72,36;14,04;119,01;50,767;51,317;66,34700000000001;65,797;66,34700000000001;-6,012999999999991;-6;6
159;39,0;72,84;14,04;119,008;52,491;53,433;68,465;67,523;68,465;-4,375;-6;6
160;40,0;73,61;14,68;118,98;48,981;50,43;66,13;64,68099999999998;66,13;-7,480000000000004;-6;6
161;41,0;74,76;14,66;118,963;45,711;48,215;63,912000000000006;61,408000000000015;63,912000000000006;-10,847999999999999;-6;6
162;42,0;76,28;14,66;118,864;44,607;48,256;64,05199999999999;60,40299999999999;64,05199999999999;-12,228000000000009;-6;6
163;43,0;78,03;14,66;118,887;46,354;50,709;66,482;62,12699999999998;66,482;-11,548000000000002;-6;6
164;44,0;79,76;14,66;118,813;48,278;52,755;68,60199999999999;64,12499999999999;68,60199999999999;-11,158000000000015;-6;6
165;45,0;81,16;14,64;118,791;45,457;49,572;65,421;61,306;65,421;-15,73899999999999;-6;6
166;46,0;82,04;14,49;118,722;42,914;46,82;62,588;58,681999999999995;62,588;-19,452000000000005;-6;6
167;47,0;82,43;14,49;118,7;42,69;46,715;62,505;58,48;62,505;-19,925000000000004;-6;6
168;48,0;82,48;14,49;118,621;45,249;49,303;65,172;61,118;65,172;-17,308000000000007;-6;6
169;49,0;82,37;14,49;118,629;48,299;52,536;68,39699999999999;64,16;68,39699999999999;-13,973000000000013;-6;6
170;50,0;82,2;14,34;118,567;46,768;51,546;67,319;62,54100000000001;67,319;-14,881;-6;6
171;51,0;82,03;14,22;118,539;45,736;51,155;66,836;61,41699999999999;66,836;-15,194000000000003;-6;6
172;52,0;81,87;14,22;118,563;48,252;53,442;69,099;63,909000000000006;69,099;-12,771;-6;6
173;53,0;81,75;14,22;118,605;53,974;58,704;74,319;69,58899999999998;74,319;-7,430999999999997;-6;6
174;54,0;81,65;14,22;118,566;58,305;64,897;80,55099999999999;73,959;80,55099999999999;-1,099000000000018;-6;6
175;55,0;81,57;14,11;118,566;51,794;63,309;78,853;67,33799999999998;78,853;-2,7169999999999987;-6;6
176;56,0;81,52;13,95;118,574;46,408;60,832;76,208;61,78400000000002;76,208;-5,311999999999998;-6;6
177;57,0;81,48;13,95;118,572;44,083;60,365;75,74300000000001;59,461;75,74300000000001;-5,736999999999995;-6;6
178;58,0;81,47;13,95;118,556;43,314;62,545;77,93900000000002;58,708;77,93900000000002;-3,5309999999999775;-6;6
179;59,0;81,46;13,95;118,577;44,681;66,59;81,96300000000001;60,05399999999999;81,96300000000001;0,5030000000000143;-6;6
180;60,0;81,47;13,79;118,574;43,854;67,073;82,28899999999999;59,069999999999986;82,28899999999999;0,8189999999999884;-6;6
181;61,0;81,49;12,79;118,53;41,582;65,703;79,963;55,84199999999999;79,963;-1,527000000000001;-6;6
182;62,0;81,52;12,79;118,505;40,641;65,96;80,24499999999998;54,925999999999995;80,24499999999998;-1,27500000000002;-6;6
183;63,0;81,55;12,79;118,502;41,459;67,98;82,26800000000003;55,74700000000001;82,26800000000003;0,718000000000032;-6;6
184;64,0;81,59;12,79;118,507;43,254;70,907;85,18999999999997;57,536999999999985;85,18999999999997;3,599999999999966;-6;6
185;65,0;81,63;11,8;118,462;43,725;70,866;84,20399999999998;57,06299999999999;84,20399999999998;2,573999999999984;-6;6
186;66,0;81,68;10,78;118,457;44,468;68,661;80,98400000000001;56,791000000000025;80,98400000000001;-0,695999999999998;-6;6
187;67,0;81,73;10,78;118,447;47,385;67,787;80,12;59,71799999999999;80,12;-1,6099999999999994;-6;6
188;68,0;81,79;10,78;118,391;51,173;68,86;81,24900000000001;63,562;81,24900000000001;-0,5409999999999968;-6;6
189;69,0;81,85;10,78;118,37;54,708;71,345;83,755;67,118;83,755;1,9050000000000011;-6;6
190;70,0;81,91;9,75;118,355;55,283;72,018;83,413;66,67800000000001;83,413;1,5030000000000001;-6;6
191;71,0;81,97;9,32;118,323;52,54;70,201;81,19800000000001;63,537;81,19800000000001;-0,7719999999999914;-6;6
192;72,0;82,03;9,32;118,337;50,301;68,865;79,84800000000001;61,283999999999985;79,84800000000001;-2,181999999999988;-6;6
193;73,0;82,1;9,32;118,34;49,662;68,967;79,94699999999997;60,642;79,94699999999997;-2,15300000000002;-6;6
194;74,0;82,17;9,32;118,314;50,517;70,375;81,381;61,523;81,381;-0,7890000000000015;-6;6
195;75,0;82,24;8,9;118,279;51,272;71,722;82,34299999999999;61,892999999999994;82,34299999999999;0,10299999999999443;-6;6
196;76,0;82,31;9,27;118,352;49,551;71,033;81,95100000000001;60,46899999999998;81,95100000000001;-0,35899999999999466;-6;6
197;77,0;82,38;9,27;118,312;47,068;69,71;80,66799999999998;58,02599999999998;80,66799999999998;-1,7120000000000175;-6;6
198;78,0;82,45;9,27;118,261;45,861;69,555;80,56400000000001;56,86999999999999;80,56400000000001;-1,8859999999999957;-6;6
199;79,0;82,53;9,27;118,241;45,762;70,755;81,78399999999999;56,791;81,78399999999999;-0,7460000000000093;-6;6
200;80,0;82,61;9,64;118,244;45,749;72,322;83,718;57,144999999999996;83,718;1,108000000000004;-6;6
201;81,0;82,69;10,52;118,183;43,978;72,302;84,63900000000001;56,315;84,63900000000001;1,9490000000000123;-6;6
202;82,0;82,77;10,52;118,18;40,821;71,196;83,53599999999999;53,16099999999999;83,53599999999999;0,7659999999999911;-6;6
203;83,0;82,85;10,52;118,141;37,696;70,495;82,874;50,07499999999999;82,874;0,02400000000000091;-6;6
204;84,0;82,94;10,52;118,106;35,745;70,78;83,194;48,159000000000006;83,194;0,2540000000000049;-6;6
205;85,0;83,03;11,4;118,041;33,549;71,859;85,21799999999999;46,90800000000001;85,21799999999999;2,187999999999988;-6;6
206;86,0;83,12;12,2;118,037;31,397;72,532;86,69499999999998;45,55999999999999;86,69499999999998;3,5749999999999744;-6;6
207;87,0;83,22;12,2;118,006;32,237;70,948;85,14199999999998;46,431;85,14199999999998;1,9219999999999828;-6;6
208;88,0;83,32;12,2;118,011;30,993;68,904;83,093;45,182;83,093;-0,22699999999998965;-6;6
209;89,0;83,42;12,2;117,999;32,417;68,074;82,27500000000002;46,61800000000001;82,27500000000002;-1,1449999999999818;-6;6
210;90,0;83,53;12,99;118,016;36,329;68,809;83,78299999999999;51,303000000000004;83,78299999999999;0,2529999999999859;-6;6
211;91,0;83,64;13,46;118,0;40,258;69,798;85,25800000000001;55,71800000000001;85,25800000000001;1,6180000000000092;-6;6
212;92,0;83,75;13,46;118,025;40,618;67,974;83,40899999999999;56,05299999999999;83,40899999999999;-0,3410000000000082;-6;6
213;93,0;83,87;13,46;118,008;39,745;65,218;80,67000000000002;55,19700000000001;80,67000000000002;-3,1999999999999886;-6;6
214;94,0;83,99;13,46;117,944;39,943;64,019;79,535;55,45899999999998;79,535;-4,454999999999998;-6;6
215;95,0;84,11;13,93;117,941;42,135;64,779;80,768;58,12399999999999;80,768;-3,3419999999999987;-6;6
216;96,0;84,23;14,09;117,957;45,39;66,531;82,66400000000002;61,522999999999996;82,66400000000002;-1,5659999999999883;-6;6
217;97,0;84,35;14,09;117,935;46,508;65,937;82,09200000000001;62,66300000000001;82,09200000000001;-2,2579999999999814;-6;6
218;98,0;84,47;14,09;117,899;45,849;64,015;80,20599999999999;62,03999999999999;80,20599999999999;-4,26400000000001;-6;6
219;99,0;84,59;14,09;117,902;46,157;63,52;79,70800000000001;62,344999999999985;79,70800000000001;-4,881999999999991;-6;6
220;100,0;84,71;14,26;117,895;48,027;64,812;81,17700000000002;64,392;81,17700000000002;-3,532999999999973;-6;6
221;101,0;84,83;13,8;117,856;50,514;67,123;83,067;66,45800000000001;83,067;-1,7630000000000052;-6;6
222;102,0;84,94;13,8;117,864;51,148;67,391;83,32700000000001;67,08399999999999;83,32700000000001;-1,6129999999999853;-6;6
223;103,0;85,05;13,8;117,915;49,74;65,633;81,51799999999997;65,625;81,51799999999997;-3,532000000000025;-6;6
224;104,0;85,15;13,8;117,897;48,941;64,849;80,75199999999998;64,844;80,75199999999998;-4,398000000000025;-6;6
225;105,0;85,25;13,8;117,882;49,693;65,847;81,76499999999997;65,61099999999998;81,76499999999997;-3,485000000000028;-6;6
226;106,0;85,35;13,8;117,859;51,513;68,098;84,03900000000002;67,45400000000001;84,03900000000002;-1,3109999999999786;-6;6
227;107,0;85,43;13,8;117,853;51,981;68,738;84,685;67,928;84,685;-0,7450000000000045;-6;6
228;108,0;85,52;13,8;117,829;50,319;67,141;83,11200000000002;66,29000000000002;83,11200000000002;-2,407999999999973;-6;6
229;109,0;85,59;13,8;117,853;49,429;66,542;82,489;65,376;82,489;-3,100999999999999;-6;6
230;110,0;85,67;13,34;117,812;50,181;67,654;83,182;65,70899999999999;83,182;-2,4879999999999995;-6;6
231;111,0;85,73;12,46;117,784;52,4;69,97;84,64599999999999;67,076;84,64599999999999;-1,0840000000000174;-6;6
232;112,0;85,79;12,46;117,754;54,087;70,816;85,52199999999999;68,79299999999998;85,52199999999999;-0,2680000000000149;-6;6
233;113,0;85,85;12,46;117,737;54,359;69,425;84,14800000000002;69,08200000000002;84,14800000000002;-1,7019999999999698;-6;6
234;114,0;85,9;12,46;117,696;54,39;68,522;83,286;69,154;83,286;-2,6140000000000043;-6;6
235;115,0;85,95;12,46;117,718;54,727;69,064;83,80599999999998;69,469;83,80599999999998;-2,1440000000000197;-6;6
236;116,0;85,99;12,46;117,7;55,791;70,699;85,459;70,55099999999999;85,459;-0,5309999999999917;-6;6
237;117,0;86,03;12,46;117,69;56,332;71,284;86,054;71,102;86,054;0,02400000000000091;-6;6
238;118,0;86,06;12,46;117,649;55,925;70,119;84,93;70,73600000000002;84,93;-1,1299999999999955;-6;6
239;119,0;86,09;12,46;117,705;57,369;69,776;84,531;72,124;84,531;-1,5589999999999975;-6;6
240;120,0;86,12;11,57;117,695;60,332;70,998;84,87299999999999;74,207;84,87299999999999;-1,247000000000014;-6;6
241;121,0;86,15;10,81;117,662;63,133;72,742;85,89000000000001;76,281;85,89000000000001;-0,2599999999999909;-6;6
242;122,0;86,17;10,81;117,644;64,291;72,901;86,06700000000001;77,457;86,06700000000001;-0,10299999999999443;-6;6
243;123,0;86,18;10,81;117,677;63,678;71,407;84,53999999999998;76,81099999999999;84,53999999999998;-1,640000000000029;-6;6
244;124,0;86,2;10,81;117,657;62,819;70,051;83,204;75,97200000000002;83,204;-2,9960000000000093;-6;6
245;125,0;86,21;10,81;117,647;62,5;69,768;82,931;75,663;82,931;-3,2789999999999964;-6;6
246;126,0;86,22;10,81;117,641;62,161;69,911;83,08;75,33;83,08;-3,1400000000000006;-6;6
247;127,0;86,22;10,81;117,61;60,858;69,42;82,62000000000002;74,058;82,62000000000002;-3,59999999999998;-6;6
248;128,0;86,22;10,81;117,593;59,623;68,877;82,09400000000001;72,83999999999999;82,09400000000001;-4,125999999999991;-6;6
249;129,0;86,22;10,81;117,596;59,52;68,961;82,17500000000001;72,73400000000001;82,17500000000001;-4,0449999999999875;-6;6
250;130,0;86,22;10,05;117,583;60,271;69,368;81,835;72,73800000000001;81,835;-4,385000000000005;-6;6
251;131,0;86,21;9,69;117,573;60,884;69,547;81,664;73,00100000000002;81,664;-4,545999999999992;-6;6
252;132,0;86,2;9,69;117,579;61,18;69,477;81,58800000000001;73,29100000000001;81,58800000000001;-4,611999999999995;-6;6
253;133,0;86,18;9,69;117,563;61,687;69,374;81,50099999999999;73,81400000000001;81,50099999999999;-4,679000000000016;-6;6
254;134,0;86,16;9,69;117,537;62,596;69,313;81,46599999999998;74,749;81,46599999999998;-4,694000000000017;-6;6
255;135,0;86,14;9,69;117,54;63,705;69,255;81,40499999999999;75,85499999999998;81,40499999999999;-4,735000000000014;-6;6
256;136,0;86,12;9,69;117,568;64,628;69,186;81,308;76,74999999999999;81,308;-4,811999999999998;-6;6
257;137,0;86,09;9,69;117,53;64,801;69,169;81,32899999999998;76,96099999999998;81,32899999999998;-4,761000000000024;-6;6
258;138,0;86,06;9,69;117,514;64,688;69,339;81,515;76,86399999999999;81,515;-4,545000000000002;-6;6
259;139,0;86,03;9,69;117,494;64,828;69,571;81,767;77,024;81,767;-4,263000000000005;-6;6
260;140,0;85,99;9,32;117,469;65,045;69,754;81,60500000000002;76,89600000000002;81,60500000000002;-4,384999999999977;-6;6
261;141,0;85,95;9,37;117,409;65,055;69,841;81,802;77,016;81,802;-4,147999999999996;-6;6
262;142,0;85,9;9,37;117,413;64,918;69,903;81,86000000000003;76,87500000000001;81,86000000000003;-4,039999999999978;-6;6
263;143,0;85,85;9,37;117,38;64,723;69,908;81,89800000000002;76,71300000000002;81,89800000000002;-3,9519999999999698;-6;6
264;144,0;85,8;9,37;117,343;64,708;70,046;82,073;76,735;82,073;-3,727000000000004;-6;6
265;145,0;85,75;9,37;117,309;64,914;70,442;82,50300000000001;76,975;82,50300000000001;-3,2469999999999857;-6;6
266;146,0;85,69;9,37;117,352;65,22;70,969;82,987;77,238;82,987;-2,703000000000003;-6;6
267;147,0;85,63;9,37;117,363;65,19;71,119;83,126;77,197;83,126;-2,5039999999999907;-6;6
268;148,0;85,56;9,37;117,368;64,833;70,837;82,839;76,83500000000001;82,839;-2,7210000000000036;-6;6
269;149,0;85,49;9,37;117,351;64,51;70,604;82,62299999999999;76,529;82,62299999999999;-2,8670000000000044;-6;6
270;150,0;85,41;9,41;117,364;64,457;70,729;82,77499999999998;76,50299999999999;82,77499999999998;-2,6350000000000193;-6;6
271;151,0;85,33;9,62;117,316;64,531;70,922;83,226;76,83500000000001;83,226;-2,103999999999999;-6;6
272;152,0;85,24;9,62;117,342;64,467;70,736;83,014;76,74499999999999;83,014;-2,225999999999999;-6;6
273;153,0;85,14;9,62;117,321;64,099;70,205;82,50399999999999;76,398;82,50399999999999;-2,63600000000001;-6;6
274;154,0;85,04;9,62;117,277;63,738;69,878;82,22099999999999;76,081;82,22099999999999;-2,819000000000017;-6;6
275;155,0;84,93;9,62;117,264;63,926;70,099;82,455;76,282;82,455;-2,4750000000000085;-6;6
276;156,0;84,82;9,62;117,272;64,444;70,383;82,73099999999998;76,79200000000002;82,73099999999998;-2,089000000000013;-6;6
277;157,0;84,69;9,62;117,229;64,795;70,234;82,62499999999999;77,18600000000002;82,62499999999999;-2,065000000000012;-6;6
278;158,0;84,55;9,62;117,238;64,841;69,841;82,22300000000001;77,22300000000001;82,22300000000001;-2,326999999999984;-6;6
279;159,0;84,41;9,62;117,259;64,814;69,648;82,009;77,175;82,009;-2,4009999999999962;-6;6
280;160,0;84,25;9,84;117,216;64,933;69,614;82,23800000000001;77,557;82,23800000000001;-2,0119999999999862;-6;6
281;161,0;84,07;10,0;117,185;65,41;69,495;82,31;78,225;82,31;-1,759999999999991;-6;6
282;162,0;83,88;10,0;117,235;66,022;68,899;81,664;78,78699999999999;81,664;-2,215999999999994;-6;6
283;163,0;83,68;10,0;117,222;66,35;67,932;80,71000000000002;79,128;80,71000000000002;-2,9699999999999847;-6;6
284;164,0;83,45;10,0;117,161;66,309;67,264;80,10300000000001;79,148;80,10300000000001;-3,346999999999994;-6;6
285;165,0;83,21;10,0;117,162;66,433;67,115;79,953;79,27099999999999;79,953;-3,256999999999991;-6;6
286;166,0;83,02;10,0;117,153;66,788;67,131;79,978;79,635;79,978;-3,0420000000000016;-6;6
287;167,0;83,28;10,0;117,107;67,21;67,174;80,06700000000001;80,10299999999998;80,10299999999998;-3,177000000000021;-6;6
288;168,0;83,54;10,0;117,065;67,657;67,215;80,15;80,59199999999998;80,59199999999998;-2,9480000000000217;-6;6
289;169,0;83,8;10,0;117,081;68,178;67,167;80,086;81,097;81,097;-2,703000000000003;-6;6
290;170,0;84,05;10,15;117,076;68,801;67,105;80,17900000000003;81,875;81,875;-2,174999999999997;-6;6
291;171,0;84,29;10,52;117,049;69,387;67,085;80,55599999999997;82,85799999999999;82,85799999999999;-1,4320000000000164;-6;6
292;172,0;84,53;10,52;117,021;69,759;67,094;80,59299999999999;83,25800000000001;83,25800000000001;-1,2719999999999914;-6;6
293;173,0;84,77;10,52;117,03;69,83;66,85;80,33999999999999;83,31999999999998;83,31999999999998;-1,450000000000017;-6;6
294;174,0;85,0;10,52;117,01;69,802;66,456;79,96600000000001;83,31200000000001;83,31200000000001;-1,6879999999999882;-6;6
295;175,0;85,22;10,52;117,006;69,703;66,105;79,61900000000001;83,217;83,217;-2,003;-6;6
296;176,0;85,44;10,52;116,977;69,645;65,887;79,42999999999999;83,18799999999997;83,18799999999997;-2,2520000000000238;-6;6
297;177,0;85,65;10,52;116,941;69,661;65,624;79,20299999999999;83,24;83,24;-2,410000000000011;-6;6
298;178,0;85,86;10,52;116,915;69,77;65,34;78,945;83,37499999999997;83,37499999999997;-2,485000000000028;-6;6
299;179,0;86,06;10,52;116,953;69,878;65,102;78,669;83,44499999999998;83,44499999999998;-2,6150000000000233;-6;6
300;180,0;86,26;10,88;116,913;69,774;64,74;78,70700000000001;83,741;83,741;-2,5190000000000055;-6;6
301;181,0;86,44;11,32;116,896;69,528;64,214;78,638;83,95200000000003;83,95200000000003;-2,487999999999971;-6;6
302;182,0;86,62;11,32;116,897;69,472;63,73;78,15299999999999;83,89499999999998;83,89499999999998;-2,7250000000000227;-6;6
303;183,0;86,78;11,32;116,898;69,63;63,286;77,708;84,05199999999999;84,05199999999999;-2,7280000000000086;-6;6
304;184,0;86,94;11,32;116,837;69,766;62,649;77,132;84,24900000000002;84,24900000000002;-2,690999999999974;-6;6
305;185,0;87,07;11,32;116,876;69,612;61,591;76,035;84,05599999999998;84,05599999999998;-3,01400000000001;-6;6
306;186,0;87,2;11,32;116,87;69,228;60,232;74,68199999999999;83,678;83,678;-3,5220000000000056;-6;6
307;187,0;87,31;11,32;116,819;68,995;59,041;73,542;83,49600000000001;83,49600000000001;-3,813999999999993;-6;6
308;188,0;87,4;11,32;116,793;69,261;58,511;73,03799999999998;83,78799999999998;83,78799999999998;-3,612000000000023;-6;6
309;189,0;87,48;11,32;116,804;69,615;58,431;72,94699999999997;84,131;84,131;-3,3490000000000038;-6;6
310;190,0;87,54;11,76;116,769;69,565;58,464;73,455;84,556;84,556;-2,984000000000009;-6;6
311;191,0;87,6;11,77;116,765;69,302;58,896;73,90100000000001;84,30700000000002;84,30700000000002;-3,292999999999978;-6;6
312;192,0;87,64;11,77;116,767;69,403;60,097;75,10000000000001;84,40600000000002;84,40600000000002;-3,2339999999999804;-6;6
313;193,0;87,67;11,77;116,741;69,885;61,788;76,81700000000001;84,91399999999999;84,91399999999999;-2,7560000000000144;-6;6
314;194,0;87,69;11,77;116,723;70,422;63,349;78,39599999999999;85,469;85,469;-2,2210000000000036;-6;6
315;195,0;87,72;11,77;116,755;70,488;64,223;79,23800000000001;85,503;85,503;-2,2169999999999987;-6;6
316;196,0;87,74;11,77;116,732;70,271;64,79;79,82800000000002;85,30900000000001;85,30900000000001;-2,430999999999983;-6;6
317;197,0;87,77;11,77;116,704;70,228;65,517;80,583;85,29400000000001;85,29400000000001;-2,475999999999985;-6;6
318;198,0;87,81;11,77;116,755;70,646;66,509;81,52400000000002;85,66100000000002;85,66100000000002;-2,1489999999999867;-6;6
319;199,0;87,87;11,77;116,759;71,078;67,172;82,18299999999999;86,089;86,089;-1,781000000000006;-6;6
320;200,0;87,9;11,78;116,745;71,379;67,385;82,41999999999999;86,41400000000002;86,41400000000002;-1,48599999999999;-6;6
321;205,0;88,58;12,11;116,17;72,073;68,326;84,26599999999999;88,01299999999998;88,01299999999998;-0,5670000000000215;-6;6
322;210,0;89,59;12,11;116,097;72,131;68,319;84,33200000000002;88,144;88,144;-1,445999999999998;-6;6
323;215,0;90,61;12,11;116,02;73,322;67,555;83,64500000000001;89,412;89,412;-1,1979999999999933;-6;6
324;220,0;91,47;12,44;115,924;73,829;66,693;83,20899999999997;90,345;90,345;-1,125;-6;6
325;225,0;92,24;12,89;115,863;73,483;65,646;82,67300000000002;90,51;90,51;-1,7299999999999898;-6;6
326;230,0;93,05;12,89;115,854;73,589;66,24;83,27600000000001;90,625;90,625;-2,424999999999997;-6;6
327;235,0;93,96;12,89;115,846;73,013;66,122;83,16600000000001;90,057;90,057;-3,9029999999999916;-6;6
328;240,0;94,94;13,34;116,32;73,599;67,787;84,80700000000002;90,619;90,619;-4,320999999999998;-6;6
329;245,0;95,9;13,33;115,883;73,696;67,974;85,42099999999999;91,143;91,143;-4,757000000000005;-6;6
330;250,0;96,81;13,33;115,818;74,653;68,438;85,94999999999999;92,16500000000002;92,16500000000002;-4,644999999999982;-6;6
331;255,0;97,66;13,33;115,757;75,367;68,754;86,32700000000001;92,94000000000001;92,94000000000001;-4,719999999999985;-6;6
332;260,0;98,46;13,32;115,692;75,522;68,435;86,06300000000002;93,15;93,15;-5,309999999999988;-6;6
333;265,0;99,22;13,63;115,486;76,067;67,837;85,98099999999998;94,211;94,211;-5,009;-6;6
334;270,0;99,92;13,63;115,557;76,663;67,366;85,43899999999998;94,736;94,736;-5,1839999999999975;-6;6
335;275,0;100,53;13,63;115,544;77,059;68,059;86,145;95,145;95,145;-5,385000000000005;-6;6
336;280,0;101,03;13,95;115,468;77,42;67,676;86,15799999999999;95,90200000000002;95,90200000000002;-5,127999999999986;-6;6
337;285,0;101,4;14,15;115,381;78,073;67,281;86,05000000000001;96,84199999999998;96,84199999999998;-4,558000000000021;-6;6
338;290,0;101,65;14,15;115,316;78,678;68,8;87,63400000000001;97,512;97,512;-4,138000000000005;-6;6
339;295,0;101,76;14,15;115,234;79,065;69,699;88,61500000000002;97,98100000000001;97,98100000000001;-3,7789999999999964;-6;6
340;300,0;101,74;14,35;115,148;79,658;68,189;87,39099999999999;98,86000000000001;98,86000000000001;-2,8799999999999812;-6;6
341;305,0;101,59;14,49;115,133;79,844;67,031;86,388;99,201;99,201;-2,38900000000001;-6;6
342;310,0;101,34;14,49;115,118;79,609;66,178;85,55;98,98099999999998;98,98099999999998;-2,359000000000023;-6;6
343;315,0;100,99;14,49;115,085;79,332;65,528;84,93300000000002;98,737;98,737;-2,253;-6;6
344;320,0;100,55;14,63;115,022;78,262;63,444;83,052;97,86999999999999;97,86999999999999;-2,680000000000007;-6;6
345;325,0;100,05;15,03;114,934;77,662;64,791;84,887;97,75800000000001;97,75800000000001;-2,2919999999999874;-6;6
346;330,0;99,62;15,03;114,819;78,189;65,384;85,59500000000001;98,39999999999999;98,39999999999999;-1,220000000000013;-6;6
347;335,0;99,38;15,03;114,808;78,631;65,071;85,29299999999999;98,853;98,853;-0,527000000000001;-6;6
348;340,0;99,17;15,43;114,845;79,166;64,53;85,11500000000001;99,751;99,751;0,5810000000000031;-6;6
349;345,0;98,93;15,59;114,771;78,626;63,674;84,49300000000001;99,44500000000001;99,44500000000001;0,5150000000000006;-6;6
350;350,0;98,61;15,59;114,763;78,215;63,548;84,375;99,042;99,042;0,43200000000000216;-6;6
351;355,0;98,14;15,59;114,703;77,692;63,935;84,822;98,57900000000001;98,57900000000001;0,43900000000000716;-6;6
352;360,0;97,67;15,75;114,665;77,748;64,638;85,723;98,83299999999998;98,83299999999998;1,1629999999999825;-6;6
353;365,0;97,48;15,84;114,535;78,065;64,059;85,364;99,37;99,37;1,8900000000000006;-6;6
354;370,0;97,49;15,84;114,466;77,899;63,723;85,09700000000002;99,27300000000001;99,27300000000001;1,7830000000000155;-6;6
355;375,0;97,58;15,84;114,371;76,862;63,986;85,455;98,331;98,331;0,7510000000000048;-6;6
356;380,0;97,68;15,92;114,23;74,928;64,544;86,23399999999998;96,618;96,618;-1,0620000000000118;-6;6
357;385,0;97,73;16,16;114,244;74,899;65,129;87,04500000000002;96,815;96,815;-0,9150000000000063;-6;6
358;390,0;97,74;16,16;114,301;74,91;64,434;86,29299999999999;96,76899999999999;96,76899999999999;-0,9710000000000036;-6;6
359;395,0;97,74;16,16;114,206;74,803;64,912;86,866;96,75699999999999;96,75699999999999;-0,9830000000000041;-6;6
360;400,0;97,78;16,39;114,197;73,656;65,997;88,19000000000001;95,849;95,849;-1,9309999999999974;-6;6
361;405,0;97,86;16,6;114,098;73,51;66,177;88,67900000000003;96,012;96,012;-1,847999999999999;-6;6
362;410,0;97,96;16,6;114,085;74,292;65,586;88,10100000000003;96,80700000000002;96,80700000000002;-1,1529999999999774;-6;6
363;415,0;98,07;16,6;114,109;74,773;64,42;86,91100000000003;97,26400000000001;97,26400000000001;-0,8059999999999832;-6;6
364;420,0;98,19;16,81;114,035;75,316;64,536;87,311;98,09100000000001;98,09100000000001;-0,09899999999998954;-6;6
365;425,0;98,33;16,85;114,066;74,688;64,743;87,52699999999999;97,47199999999998;97,47199999999998;-0,8580000000000183;-6;6
366;430,0;98,48;16,85;113,945;73,993;64,482;87,387;96,898;96,898;-1,5820000000000078;-6;6
367;435,0;98,64;16,85;113,82;73,177;63,711;86,74100000000001;96,20700000000002;96,20700000000002;-2,4329999999999785;-6;6
368;440,0;98,8;16,9;113,68;72,842;64,368;87,588;96,06199999999998;96,06199999999998;-2,7380000000000138;-6;6
369;445,0;98,95;16,92;113,837;72,88;64,704;87,787;95,963;95,963;-2,987000000000009;-6;6
370;450,0;99,06;16,92;113,797;72,691;64,056;87,17899999999999;95,81400000000001;95,81400000000001;-3,245999999999995;-6;6
371;455,0;99,11;16,92;113,74;72,788;63,385;86,565;95,96800000000002;95,96800000000002;-3,1419999999999817;-6;6
372;460,0;99,09;16,94;113,62;72,613;62,497;85,81700000000001;95,93299999999999;95,93299999999999;-3,1570000000000107;-6;6
373;465,0;98,99;17,18;113,67;72,738;62,585;86,095;96,24799999999999;96,24799999999999;-2,7420000000000044;-6;6
374;470,0;98,86;17,18;113,699;72,602;62,389;85,87;96,083;96,083;-2,777000000000001;-6;6
375;475,0;98,72;17,18;113,612;72,522;61,184;84,75200000000001;96,09;96,09;-2,6299999999999955;-6;6
376;480,0;98,59;17,42;113,603;72,655;60,162;83,97900000000001;96,47200000000001;96,47200000000001;-2,117999999999995;-6;6
377;485,0;98,49;17,68;113,564;72,218;58,88;82,99600000000001;96,33400000000003;96,33400000000003;-2,1559999999999633;-6;6
378;490,0;98,38;17,68;113,465;71,784;58,428;82,643;95,999;95,999;-2,3810000000000002;-6;6
379;495,0;98,25;17,68;113,406;70,785;58,967;83,24099999999999;95,059;95,059;-3,1910000000000025;-6;6
380;500,0;98,12;17,94;113,376;70,515;59,596;84,16;95,07899999999998;95,07899999999998;-3,0410000000000252;-6;6
381;505,0;97,97;18,88;113,284;70,278;59,022;84,61799999999998;95,87400000000001;95,87400000000001;-2,0959999999999894;-6;6
382;510,0;97,74;18,88;113,266;69,47;58,518;84,13199999999999;95,08399999999999;95,08399999999999;-2,656000000000006;-6;6
383;515,0;97,54;18,88;113,213;68,825;57,324;82,99100000000001;94,49199999999999;94,49199999999999;-3,048000000000016;-6;6
384;520,0;97,55;18,88;113,101;68,413;55,179;80,958;94,19200000000001;94,19200000000001;-3,35799999999999;-6;6
385;525,0;97,43;18,88;113,083;69,386;54,119;79,916;95,18299999999999;95,18299999999999;-2,247000000000014;-6;6
386;530,0;97,24;18,88;113,061;69,736;53,995;79,814;95,55499999999998;95,55499999999998;-1,6850000000000165;-6;6
387;535,0;97,15;18,88;113,142;70,004;54,313;80,05099999999999;95,74200000000002;95,74200000000002;-1,407999999999987;-6;6
388;540,0;97,22;18,88;113,038;69,652;55,085;80,927;95,49399999999999;95,49399999999999;-1,7260000000000133;-6;6
389;545,0;97,36;18,88;113,047;68,546;54,83;80,66299999999998;94,37899999999999;94,37899999999999;-2,9810000000000088;-6;6
390;550,0;97,33;18,88;112,986;68,574;52,606;78,49999999999999;94,468;94,468;-2,8619999999999948;-6;6
391;555,0;96,96;18,88;112,932;68,82;46,106;72,05399999999999;94,76799999999999;94,76799999999999;-2,1920000000000073;-6;6
392;560,0;96,3;18,88;112,833;69,171;39,935;65,982;95,21799999999999;95,21799999999999;-1,0820000000000078;-6;6
393;565,0;95,59;18,88;112,693;68,492;48,777;74,96399999999998;94,67900000000002;94,67900000000002;-0,9109999999999872;-6;6
394;570,0;94,92;18,88;112,636;67,476;53,322;79,566;93,72;93,72;-1,2000000000000028;-6;6
395;575,0;94,26;18,88;112,502;66,585;56,097;82,47500000000001;92,96299999999998;92,96299999999998;-1,2970000000000255;-6;6
396;580,0;93,6;18,88;112,54;66,203;58,039;84,37899999999998;92,54299999999999;92,54299999999999;-1,0570000000000022;-6;6
397;585,0;92,94;18,88;112,406;66,213;60,164;86,63799999999998;92,68699999999998;92,68699999999998;-0,2530000000000143;-6;6
398;590,0;92,33;18,88;112,471;65,708;61,384;87,793;92,11699999999999;92,11699999999999;-0,21300000000000807;-6;6
399;595,0;91,8;18,88;112,333;63,764;62,025;88,572;90,311;90,311;-1,48899999999999;-6;6
400;600,0;91,34;19,82;112,238;59,991;62,053;89,63499999999999;87,57299999999998;89,63499999999999;-1,7050000000000125;-6;6
401;605,0;90,95;20,01;112,263;58,041;61,929;89,676;85,788;89,676;-1,274000000000001;-6;6
402;610,0;91,06;20,01;112,183;58,025;62,105;89,93199999999999;85,852;89,93199999999999;-1,1280000000000143;-6;6
403;615,0;91,81;20,01;112,127;56,358;63,262;91,14500000000001;84,24100000000001;91,14500000000001;-0,664999999999992;-6;6
404;620,0;92,51;20,01;112,218;53,048;64,78;92,572;80,84;92,572;0,06199999999999761;-6;6
405;625,0;93,15;20,01;112,137;52,149;65,662;93,53500000000001;80,022;93,53500000000001;0,3850000000000051;-6;6
406;630,0;93,7;20,01;112,124;54,068;66,248;94,134;81,954;94,134;0,4339999999999975;-6;6
407;635,0;94,15;20,01;111,976;56,402;66,629;94,66300000000003;84,43599999999999;94,66300000000003;0,5130000000000194;-6;6
408;640,0;94,5;20,01;111,909;57,922;67,079;95,18;86,023;95,18;0,6800000000000068;-6;6
409;645,0;94,74;20,01;111,831;58,513;67,365;95,54400000000001;86,69200000000001;95,54400000000001;0,8040000000000163;-6;6
410;650,0;94,88;20,01;111,831;58,341;66,905;95,084;86,52000000000001;95,084;0,20400000000000773;-6;6
411;655,0;94,92;20,01;111,802;59,335;66,022;94,22999999999999;87,543;94,22999999999999;-0,6900000000000119;-6;6
412;660,0;94,88;20,01;111,678;59,958;64,989;93,32100000000001;88,29;93,32100000000001;-1,5589999999999833;-6;6
413;665,0;94,76;20,01;111,586;59,907;64,644;93,06800000000001;88,33099999999999;93,06800000000001;-1,691999999999993;-6;6
414;670,0;94,51;20,01;111,607;59,765;65,208;93,611;88,16799999999999;93,611;-0,8990000000000009;-6;6
415;675,0;94,08;20,01;111,511;59,182;65,741;94,24;87,68100000000003;94,24;0,1599999999999966;-6;6
416;680,0;94,55;20,01;111,364;58,492;66,038;94,68400000000001;87,13799999999999;94,68400000000001;0,13400000000001455;-6;6
417;685,0;95,18;20,01;111,299;57,53;65,759;94,47000000000001;86,241;94,47000000000001;-0,7099999999999937;-6;6
418;690,0;95,8;20,01;111,342;58,516;65,695;94,363;87,184;94,363;-1,4369999999999976;-6;6
419;695,0;96,14;20,01;111,36;59,284;65,921;94,571;87,934;94,571;-1,5690000000000026;-6;6
420;700,0;95,98;20,2;111,382;58,346;66,263;95,081;87,164;95,081;-0,8990000000000009;-6;6
421;705,0;95,85;20,82;111,304;56,963;67,132;96,648;86,47899999999998;96,648;0,7980000000000018;-6;6
422;710,0;95,83;20,82;111,21;54,827;67,591;97,20100000000002;84,43700000000001;97,20100000000002;1,3710000000000235;-6;6
423;715,0;95,69;20,82;111,148;53,427;67,576;97,24799999999999;83,09899999999999;97,24799999999999;1,5579999999999927;-6;6
424;720,0;95,28;20,82;111,0;53,057;67,211;97,031;82,87700000000001;97,031;1,7510000000000048;-6;6
425;725,0;94,8;20,82;110,962;52,276;66,876;96,73400000000001;82,13400000000001;96,73400000000001;1,9340000000000117;-6;6
426;730,0;94,65;20,82;110,795;50,612;66,814;96,839;80,637;96,839;2,188999999999993;-6;6
427;735,0;94,71;20,82;110,754;49,364;66,393;96,459;79,43;96,459;1,7490000000000094;-6;6
428;740,0;94,86;20,82;110,681;50,777;66,365;96,50400000000002;80,916;96,50400000000002;1,6440000000000197;-6;6
429;745,0;95,23;20,82;110,626;51,057;65,999;96,19299999999998;81,251;96,19299999999998;0,9629999999999797;-6;6
430;750,0;95,8;20,82;110,6;51,651;65,919;96,13899999999998;81,87100000000001;96,13899999999998;0,3389999999999844;-6;6
431;755,0;96,4;20,82;110,457;52,769;65,65;96,013;83,132;96,013;-0,38700000000000045;-6;6
432;760,0;96,89;20,82;110,324;54,2;65,321;95,81700000000001;84,696;95,81700000000001;-1,0729999999999933;-6;6
433;765,0;97,24;20,82;110,192;56,194;65,961;96,58900000000003;86,82200000000003;96,58900000000003;-0,6509999999999678;-6;6
434;770,0;97,47;20,82;110,223;57,471;65,972;96,56899999999999;88,06800000000001;96,56899999999999;-0,9010000000000105;-6;6
435;775,0;97,61;20,82;110,243;58,473;66,382;96,959;89,05000000000001;96,959;-0,6509999999999962;-6;6
436;780,0;97,7;20,82;110,135;58,133;65,748;96,43299999999999;88,81800000000001;96,43299999999999;-1,2670000000000101;-6;6
437;785,0;97,73;20,82;110,042;57,185;65,16;95,93799999999999;87,963;95,93799999999999;-1,7920000000000158;-6;6
438;790,0;97,71;20,82;110,098;56,641;64,851;95,57300000000001;87,363;95,57300000000001;-2,1369999999999862;-6;6
439;795,0;97,63;20,82;109,866;55,731;64,095;95,049;86,685;95,049;-2,580999999999989;-6;6
440;800,0;97,49;21,45;109,737;55,53;64,291;96,004;87,24300000000001;96,004;-1,48599999999999;-6;6
441;805,0;97,3;21,98;109,623;54,938;64,161;96,518;87,29499999999999;96,518;-0,7819999999999965;-6;6
442;810,0;97,08;21,98;109,571;55,257;64,357;96,766;87,66600000000001;96,766;-0,31399999999999295;-6;6
443;815,0;96,84;21,98;109,504;56,066;64,323;96,79899999999998;88,542;96,79899999999998;-0,04100000000002524;-6;6
444;820,0;96,61;21,98;109,442;56,717;63,585;96,12300000000002;89,255;96,12300000000002;-0,48699999999998056;-6;6
445;825,0;96,39;21,98;109,471;57,682;62,614;95,123;90,19100000000002;95,123;-1,266999999999996;-6;6
446;830,0;96,19;21,98;109,341;57,766;61,835;94,47400000000002;90,405;94,47400000000002;-1,7159999999999798;-6;6
447;835,0;96,0;21,98;109,31;58,479;62,173;94,843;91,14899999999999;94,843;-1,1569999999999965;-6;6
448;840,0;95,86;21,98;109,166;58,649;61,969;94,783;91,46300000000001;94,783;-1,0769999999999982;-6;6
449;845,0;95,56;21,98;109,174;59,493;61,893;94,699;92,29899999999999;94,699;-0,8610000000000042;-6;6
450;850,0;96,51;21,98;109,055;60,7;61,77;94,69500000000001;93,62499999999999;94,69500000000001;-1,8149999999999977;-6;6
451;855,0;97,5;21,98;109,017;61,366;61,696;94,659;94,329;94,659;-2,840999999999994;-6;6
452;860,0;98,42;21,98;109,094;62,218;62,176;95,062;95,10400000000003;95,10400000000003;-3,315999999999974;-6;6
453;865,0;99,23;21,98;109,019;62,468;61,306;94,26699999999998;95,42900000000002;95,42900000000002;-3,8009999999999877;-6;6
454;870,0;99,9;21,98;108,867;63,351;60,941;94,054;96,464;96,464;-3,436000000000007;-6;6
455;875,0;100,51;21,98;108,87;63,969;60,664;93,77399999999999;97,079;97,079;-3,4310000000000116;-6;6
456;880,0;101,09;21,98;108,703;64,514;60,675;93,95200000000001;97,79100000000001;97,79100000000001;-3,2989999999999924;-6;6
457;885,0;101,61;21,98;108,56;64,99;60,993;94,413;98,41000000000001;98,41000000000001;-3,1999999999999886;-6;6
458;890,0;102,09;21,98;108,446;65,109;60,597;94,13100000000001;98,64299999999999;98,64299999999999;-3,447000000000017;-6;6
459;895,0;102,54;21,98;108,481;65,912;60,642;94,141;99,41100000000002;99,41100000000002;-3,1289999999999907;-6;6
460;900,0;102,95;22,5;108,493;66,719;60,711;94,71800000000002;100,726;100,726;-2,2240000000000038;-6;6
461;905,0;103,31;22,82;108,439;67,653;60,951;95,332;102,03400000000002;102,03400000000002;-1,275999999999982;-6;6
462;910,0;103,6;22,82;107,95;67,684;60,883;95,75300000000001;102,554;102,554;-1,0459999999999923;-6;6
463;915,0;103,84;22,82;108,25;67,949;60,553;95,12299999999999;102,519;102,519;-1,320999999999998;-6;6
464;920,0;104,03;22,82;108,179;67,959;60,011;94,65199999999999;102,6;102,6;-1,4300000000000068;-6;6
465;925,0;104,18;22,82;108,061;67,507;59,475;94,23399999999998;102,26599999999999;102,26599999999999;-1,9140000000000157;-6;6
466;930,0;104,26;22,82;107,956;67,312;59,007;93,87100000000001;102,17600000000002;102,17600000000002;-2,083999999999989;-6;6
467;935,0;104,28;22,82;107,911;67,318;58,681;93,58999999999997;102,22699999999998;102,22699999999998;-2,0530000000000257;-6;6
468;940,0;104,24;22,82;107,765;67,189;58,871;93,92600000000002;102,244;102,244;-1,9959999999999951;-6;6
469;945,0;104,14;22,82;107,712;67,133;58,98;94,088;102,24099999999999;102,24099999999999;-1,8990000000000151;-6;6
470;950,0;104,0;22,82;107,682;66,919;58,81;93,94800000000001;102,05699999999999;102,05699999999999;-1,943000000000012;-6;6
471;955,0;103,84;22,82;107,453;66,74;58,275;93,642;102,107;102,107;-1,733000000000004;-6;6
472;960,0;103,68;22,82;107,567;66,913;58,895;94,14800000000002;102,16600000000003;102,16600000000003;-1,5139999999999816;-6;6
473;965,0;103,53;22,82;107,495;66,647;58,669;93,99399999999997;101,97199999999998;101,97199999999998;-1,5580000000000211;-6;6
474;970,0;103,39;22,82;107,437;66,804;58,564;93,947;102,18700000000001;102,18700000000001;-1,2029999999999887;-6;6
475;975,0;103,27;22,82;107,413;66,212;57,775;93,18200000000002;101,619;101,619;-1,6509999999999962;-6;6
476;980,0;103,17;22,82;107,414;66,079;57,162;92,56800000000001;101,48500000000001;101,48500000000001;-1,684999999999988;-6;6
477;985,0;103,08;22,82;107,27;65,781;56,223;91,77300000000002;101,33100000000002;101,33100000000002;-1,748999999999981;-6;6
478;990,0;102,98;22,82;107,17;65,596;55,635;91,285;101,24600000000001;101,24600000000001;-1,7339999999999947;-6;6
479;995,0;102,86;22,82;107,024;65,429;55,198;90,994;101,225;101,225;-1,6350000000000051;-6;6
480;1000,0;102,69;23,15;72,333;31,594;19,504;90,321;102,411;102,411;-0,27899999999999636;-6;6
